{
  "IsEncrypted": false,
  "Values": {
    "FUNCTIONS_INPROC_NET8_ENABLED": "1",
    "FUNCTIONS_WORKER_RUNTIME": "dotnet",
    "ShortenDB": "Server=tcp:upt-dbs-373.database.windows.net,1433;Initial Catalog=shorten;Persist Security Info=False;User ID=sqladmin;Password=upt.2025;MultipleActiveResultSets=False;Encrypt=True;TrustServerCertificate=False;Connection Timeout=30;"
  },
  "ConnectionStrings": {
    "ShortenDB": "Data Source=upt-dbs-373.database.windows.net;User ID=sqladmin;Password=upt.2025;Database=shorten"
  }
}